{   
	"title": "Suicide Pact",    
	"artist": "Trophy Eyes",    
	"preview_start_time": 110000,    
	"release_year": "2016",    
	"source": "",    
	"album": "Chemical Miracle",    
	"loading_phrase": "Suicide Pact is about riding along in the car and eventually crashing it and dying.",    
	"genres": [    
		"Pop Punk"    
	],    
	"charters": [
		"Equinox"
	],
	"length": 243,
	"icon_drums": "Drum",
	"icon_bass": "Bass",
	"icon_guitar": "Guitar",
	"icon_vocals": "Vocals",
	"diff": {
		"drums": 6,
		"bass": 2,
		"guitar": 3,
		"vocals": 2,
		"plastic_drums": 5,
		"plastic_bass": 2,
		"plastic_guitar": 2,
		"pitched_vocals": -1
	},
	"midi": "notes.mid",
	"art": "cover.png",
	"stems": {
		"drums": [
			"drums_1.ogg",
			"drums_2.ogg",
			"drums_3.ogg"
		],
		"bass": "bass.ogg",
		"lead": "lead.ogg",
		"vocals": "vocals.ogg",
		"backing": [
			"backing.ogg",
			"keys.ogg"
		]
	}
}